<?xml version="1.0" encoding="UTF-8"?>
<con:soapui-project id="275f9868-4e64-4cff-a838-202078113ee5" activeEnvironment="Default" name="AutomationGroovyTest" soapui-version="5.5.0" abortOnError="false" runType="SEQUENTIAL" resourceRoot="" xmlns:con="http://eviware.com/soapui/config"><con:settings/><con:interface xsi:type="con:RestService" id="eebfdbc9-d438-490c-8c26-6fa614c0d671" wadlVersion="http://wadl.dev.java.net/2009/02" name="https://one.nhtsa.gov" type="rest" xmlns:xsi="http://www.w3.org/2001/XMLSchema-instance"><con:settings/><con:definitionCache type="TEXT" rootPart=""/><con:endpoints><con:endpoint>https://one.nhtsa.gov</con:endpoint></con:endpoints><con:resource name="Vehicle" path="/webapi/api/Recalls/vehicle" id="e371cfaa-a5cd-44fa-ac9f-470b51e3bd11"><con:settings/><con:parameters><con:parameter><con:name>format</con:name><con:value>xml</con:value><con:style>QUERY</con:style><con:default>xml</con:default><con:path xsi:nil="true"/><con:description xsi:nil="true"/></con:parameter></con:parameters><con:method name="ModelYears" id="44163462-c71f-4ee7-8016-feb709306fea" method="GET"><con:settings/><con:parameters/><con:representation type="RESPONSE"><con:mediaType>application/xml</con:mediaType><con:status>200</con:status><con:params/><con:element xmlns:typ="NHTSA/webapi/types">typ:Response</con:element></con:representation><con:request name="getModelYears" id="cb810840-369c-4e7d-b354-72ce165cdbcc" mediaType="application/json"><con:settings><con:setting id="com.eviware.soapui.impl.wsdl.WsdlRequest@request-headers">&lt;xml-fragment/></con:setting></con:settings><con:endpoint>https://one.nhtsa.gov</con:endpoint><con:request/><con:originalUri>https://one.nhtsa.gov/webapi/api/Recalls/vehicle</con:originalUri><con:credentials><con:authType>No Authorization</con:authType></con:credentials><con:jmsConfig JMSDeliveryMode="PERSISTENT"/><con:jmsPropertyConfig/><con:parameters><entry key="format" value="xml" xmlns="http://eviware.com/soapui/config"/></con:parameters><con:parameterOrder><con:entry>format</con:entry></con:parameterOrder></con:request></con:method></con:resource></con:interface><con:interface xsi:type="con:RestService" id="b84b8621-81ab-41c6-b1b5-c0930f952e01" wadlVersion="http://wadl.dev.java.net/2009/02" name="https://one.nhtsa.gov" type="rest" xmlns:xsi="http://www.w3.org/2001/XMLSchema-instance"><con:settings/><con:definitionCache type="TEXT" rootPart=""/><con:endpoints><con:endpoint>https://one.nhtsa.gov</con:endpoint></con:endpoints><con:resource name="XXXX" path="/webapi/api/Recalls/vehicle/modelyear/2017" id="11574210-7025-41dc-8148-96f7256e3ee9"><con:settings/><con:parameters><con:parameter><con:name>format</con:name><con:value>xml</con:value><con:style>QUERY</con:style><con:default>xml</con:default><con:description xsi:nil="true"/></con:parameter></con:parameters><con:method name="Makes" id="6a3c2183-3738-426c-983b-c8dc3ea4f0f9" method="GET"><con:settings/><con:parameters/><con:representation type="RESPONSE"><con:mediaType>application/xml</con:mediaType><con:status>200</con:status><con:params/><con:element xmlns:typ="NHTSA/webapi/types">typ:Response</con:element></con:representation><con:representation type="RESPONSE"><con:mediaType>application/json; charset=utf-8</con:mediaType><con:status>200</con:status><con:params/><con:element xmlns:xxxx="https://one.nhtsa.gov/webapi/api/Recalls/vehicle/modelyear/XXXX">xxxx:Response</con:element></con:representation><con:request name="getMakes" id="5b1d6090-655c-4b64-bc1c-aa9a875e2cb5" mediaType="application/json"><con:settings><con:setting id="com.eviware.soapui.impl.wsdl.WsdlRequest@request-headers">&lt;xml-fragment/></con:setting></con:settings><con:endpoint>https://one.nhtsa.gov</con:endpoint><con:request/><con:originalUri>https://one.nhtsa.gov/webapi/api/Recalls/vehicle/modelyear/XXXX</con:originalUri><con:credentials><con:authType>No Authorization</con:authType></con:credentials><con:jmsConfig JMSDeliveryMode="PERSISTENT"/><con:jmsPropertyConfig/><con:parameters><entry key="format" value="xml" xmlns="http://eviware.com/soapui/config"/></con:parameters><con:parameterOrder><con:entry>format</con:entry></con:parameterOrder></con:request></con:method></con:resource></con:interface><con:interface xsi:type="con:RestService" id="7f907d9d-3cab-4c6a-8aeb-379c1d105b74" wadlVersion="http://wadl.dev.java.net/2009/02" name="https://one.nhtsa.gov" type="rest" xmlns:xsi="http://www.w3.org/2001/XMLSchema-instance"><con:settings/><con:definitionCache type="TEXT" rootPart=""/><con:endpoints><con:endpoint>https://one.nhtsa.gov</con:endpoint></con:endpoints><con:resource name="YYYY" path="/webapi/api/Recalls/vehicle/modelyear/2017/make/ACG" id="a165d7a4-931a-46da-ab3d-6cc6c2b6806b"><con:settings/><con:parameters><con:parameter><con:name>format</con:name><con:value>xml</con:value><con:style>QUERY</con:style><con:default>xml</con:default><con:path xsi:nil="true"/><con:description xsi:nil="true"/></con:parameter></con:parameters><con:method name="Models" id="ac63c84d-3fd6-480c-9816-e436199e774a" method="GET"><con:settings/><con:parameters/><con:representation type="RESPONSE"><con:mediaType>text/html; charset=UTF-8</con:mediaType><con:status>200</con:status><con:params/><con:element>html</con:element></con:representation><con:representation type="RESPONSE"><con:mediaType>application/xml</con:mediaType><con:status>200</con:status><con:params/><con:element xmlns:typ="NHTSA/webapi/types">typ:Response</con:element></con:representation><con:request name="getModels" id="4f93f56a-1700-48bf-b0cf-2c9dba617261" mediaType="application/json"><con:settings><con:setting id="com.eviware.soapui.impl.wsdl.WsdlRequest@request-headers">&lt;xml-fragment/></con:setting></con:settings><con:endpoint>https://one.nhtsa.gov</con:endpoint><con:request/><con:originalUri>https://one.nhtsa.gov/webapi/api/Recalls/vehicle/2017/XXXX/make/ACG</con:originalUri><con:credentials><con:authType>No Authorization</con:authType></con:credentials><con:jmsConfig JMSDeliveryMode="PERSISTENT"/><con:jmsPropertyConfig/><con:parameters><entry key="format" value="xml" xmlns="http://eviware.com/soapui/config"/></con:parameters><con:parameterOrder><con:entry>format</con:entry></con:parameterOrder></con:request></con:method></con:resource></con:interface><con:interface xsi:type="con:RestService" id="fcd9b8a8-8d25-4a34-bc5f-4ad75cd762b5" wadlVersion="http://wadl.dev.java.net/2009/02" name="https://one.nhtsa.gov" type="rest" xmlns:xsi="http://www.w3.org/2001/XMLSchema-instance"><con:settings/><con:definitionCache type="TEXT" rootPart=""/><con:endpoints><con:endpoint>https://one.nhtsa.gov</con:endpoint></con:endpoints><con:resource name="ZZZZ" path="/webapi/api/Recalls/vehicle/modelyear/2017/make/ACG/model/MOKE" id="e9756e36-7dcd-4934-9330-8819ae15422c"><con:settings/><con:parameters><con:parameter><con:name>format</con:name><con:value>xml</con:value><con:style>QUERY</con:style><con:default>xml</con:default><con:path xsi:nil="true"/><con:description xsi:nil="true"/></con:parameter></con:parameters><con:method name="Recalls" id="7dbbfc84-7a34-418d-91dd-0dc86e2b8ab0" method="GET"><con:settings/><con:parameters/><con:representation type="RESPONSE"><con:mediaType>application/xml</con:mediaType><con:status>200</con:status><con:params/><con:element xmlns:typ="NHTSA/webapi/types">typ:Response</con:element></con:representation><con:request name="getRecalls" id="40fa36c0-d481-458d-a329-04bdf1e05e64" mediaType="application/json"><con:settings><con:setting id="com.eviware.soapui.impl.wsdl.WsdlRequest@request-headers">&lt;xml-fragment/></con:setting></con:settings><con:endpoint>https://one.nhtsa.gov</con:endpoint><con:request/><con:originalUri>https://one.nhtsa.gov/webapi/api/Recalls/vehicle/modelyear/2017/make/ACG/model/MOKE</con:originalUri><con:credentials><con:authType>No Authorization</con:authType></con:credentials><con:jmsConfig JMSDeliveryMode="PERSISTENT"/><con:jmsPropertyConfig/><con:parameters><entry key="format" value="xml" xmlns="http://eviware.com/soapui/config"/></con:parameters><con:parameterOrder><con:entry>format</con:entry></con:parameterOrder></con:request></con:method></con:resource></con:interface><con:testSuite id="882551fb-56c0-4efd-8f97-9a7d44f78628" name="AutomationSuite"><con:settings/><con:runType>SEQUENTIAL</con:runType><con:testCase id="07940178-cd29-4f35-8899-4dbfa508e08b" failOnError="true" failTestCaseOnErrors="true" keepSession="false" maxResults="0" name="AutomationCase" searchProperties="true"><con:settings/><con:testStep type="restrequest" name="getModelYears_001" id="17199bad-f00e-49e9-a504-159a8c5eeb6e"><con:settings/><con:config service="https://one.nhtsa.gov" resourcePath="/webapi/api/Recalls/vehicle" methodName="ModelYears" xsi:type="con:RestRequestStep" xmlns:xsi="http://www.w3.org/2001/XMLSchema-instance"><con:restRequest name="TS_MY_001" id="cb810840-369c-4e7d-b354-72ce165cdbcc" mediaType="application/json"><con:settings><con:setting id="com.eviware.soapui.impl.wsdl.WsdlRequest@request-headers">&lt;xml-fragment/></con:setting></con:settings><con:endpoint>https://one.nhtsa.gov</con:endpoint><con:request/><con:originalUri>https://one.nhtsa.gov/webapi/api/Recalls/vehicle</con:originalUri><con:assertion type="Simple Contains" id="ad45ac24-9631-4ddc-aa19-a88c8c0093ef" name="Contains"><con:configuration><token>2017</token><ignoreCase>false</ignoreCase><useRegEx>false</useRegEx></con:configuration></con:assertion><con:credentials><con:authType>No Authorization</con:authType></con:credentials><con:jmsConfig JMSDeliveryMode="PERSISTENT"/><con:jmsPropertyConfig/><con:parameters><entry key="format" value="xml" xmlns="http://eviware.com/soapui/config"/></con:parameters><con:parameterOrder><con:entry>format</con:entry></con:parameterOrder></con:restRequest></con:config></con:testStep><con:testStep type="restrequest" name="getModelYears_002" id="2723a0af-f757-4c4d-afd0-eb10f6610f14"><con:settings/><con:config service="https://one.nhtsa.gov" resourcePath="/webapi/api/Recalls/vehicle" methodName="ModelYears" xsi:type="con:RestRequestStep" xmlns:xsi="http://www.w3.org/2001/XMLSchema-instance"><con:restRequest name="TS_MY_002" id="cb810840-369c-4e7d-b354-72ce165cdbcc" mediaType="application/json"><con:settings><con:setting id="com.eviware.soapui.impl.wsdl.WsdlRequest@request-headers">&lt;xml-fragment/></con:setting></con:settings><con:endpoint>https://one.nhtsa.gov</con:endpoint><con:request/><con:originalUri>https://one.nhtsa.gov/webapi/api/Recalls/vehicle</con:originalUri><con:assertion type="XPath Match" id="12945e3b-501a-4192-8134-1fbd4a5c3da4" name="XPath Match"><con:configuration/></con:assertion><con:credentials><con:authType>No Authorization</con:authType></con:credentials><con:jmsConfig JMSDeliveryMode="PERSISTENT"/><con:jmsPropertyConfig/><con:parameters/><con:parameterOrder><con:entry>format</con:entry></con:parameterOrder></con:restRequest></con:config></con:testStep><con:testStep type="restrequest" name="getMakes_003" id="5df6f25a-6bf1-46d0-9641-2284cf72a732"><con:settings/><con:config service="https://one.nhtsa.gov" resourcePath="/webapi/api/Recalls/vehicle/modelyear/2017" methodName="Makes" xsi:type="con:RestRequestStep" xmlns:xsi="http://www.w3.org/2001/XMLSchema-instance"><con:restRequest name="TS_Ma_003" id="5b1d6090-655c-4b64-bc1c-aa9a875e2cb5" mediaType="application/json"><con:settings><con:setting id="com.eviware.soapui.impl.wsdl.WsdlRequest@request-headers">&lt;xml-fragment/></con:setting></con:settings><con:endpoint>https://one.nhtsa.gov</con:endpoint><con:request/><con:originalUri>https://one.nhtsa.gov/webapi/api/Recalls/vehicle/modelyear/XXXX</con:originalUri><con:assertion type="Valid HTTP Status Codes" id="98e54cff-1aa7-4d48-bf83-11f057699181" name="Valid HTTP Status Codes"><con:configuration><codes>200</codes></con:configuration></con:assertion><con:credentials><con:authType>No Authorization</con:authType></con:credentials><con:jmsConfig JMSDeliveryMode="PERSISTENT"/><con:jmsPropertyConfig/><con:parameters><entry key="format" value="" xmlns="http://eviware.com/soapui/config"/></con:parameters><con:parameterOrder><con:entry>format</con:entry></con:parameterOrder></con:restRequest></con:config></con:testStep><con:testStep type="restrequest" name="getMakes_004" id="25fc8eef-30d0-49f1-86ff-7464f911ce96"><con:settings/><con:config service="https://one.nhtsa.gov" resourcePath="/webapi/api/Recalls/vehicle/modelyear/2017" methodName="Makes" xsi:type="con:RestRequestStep" xmlns:xsi="http://www.w3.org/2001/XMLSchema-instance"><con:restRequest name="TS_Ma_004" id="5b1d6090-655c-4b64-bc1c-aa9a875e2cb5" mediaType="application/json"><con:settings><con:setting id="com.eviware.soapui.impl.wsdl.WsdlRequest@request-headers">&lt;xml-fragment/></con:setting></con:settings><con:endpoint>https://one.nhtsa.gov</con:endpoint><con:request/><con:originalUri>https://one.nhtsa.gov/webapi/api/Recalls/vehicle/modelyear/XXXX</con:originalUri><con:assertion type="Simple NotContains" id="4b5a9dab-fbac-4516-b2be-1848aad6b025" name="Not Contains"><con:configuration><token>2018</token><ignoreCase>false</ignoreCase><useRegEx>false</useRegEx></con:configuration></con:assertion><con:credentials><con:authType>No Authorization</con:authType></con:credentials><con:jmsConfig JMSDeliveryMode="PERSISTENT"/><con:jmsPropertyConfig/><con:parameters><entry key="format" value="" xmlns="http://eviware.com/soapui/config"/></con:parameters><con:parameterOrder><con:entry>format</con:entry></con:parameterOrder></con:restRequest></con:config></con:testStep><con:testStep type="restrequest" name="getModels_005" id="032a3e10-abb6-49c3-9cfb-3760c771deaa"><con:settings/><con:config service="https://one.nhtsa.gov" resourcePath="/webapi/api/Recalls/vehicle/modelyear/2017/make/ACG" methodName="Models" xsi:type="con:RestRequestStep" xmlns:xsi="http://www.w3.org/2001/XMLSchema-instance"><con:restRequest name="TS_Mo_005" id="4f93f56a-1700-48bf-b0cf-2c9dba617261" mediaType="application/json"><con:settings><con:setting id="com.eviware.soapui.impl.wsdl.WsdlRequest@request-headers">&lt;xml-fragment/></con:setting></con:settings><con:endpoint>https://one.nhtsa.gov</con:endpoint><con:request/><con:originalUri>https://one.nhtsa.gov/webapi/api/Recalls/vehicle/2017/XXXX/make/ACG</con:originalUri><con:assertion type="Simple Contains" id="6b2b07c5-a5f0-4e3c-a42b-eca7b4f2e56a" name="Contains"><con:configuration><token>ACG</token><ignoreCase>false</ignoreCase><useRegEx>false</useRegEx></con:configuration></con:assertion><con:credentials><con:authType>No Authorization</con:authType></con:credentials><con:jmsConfig JMSDeliveryMode="PERSISTENT"/><con:jmsPropertyConfig/><con:parameters><entry key="format" value="xml" xmlns="http://eviware.com/soapui/config"/></con:parameters><con:parameterOrder><con:entry>format</con:entry></con:parameterOrder></con:restRequest></con:config></con:testStep><con:testStep type="restrequest" name="getModels_006" id="982def0f-7f76-4d9b-81e1-c41e21e0d6e3"><con:settings/><con:config service="https://one.nhtsa.gov" resourcePath="/webapi/api/Recalls/vehicle/modelyear/2017/make/ACG" methodName="Models" xsi:type="con:RestRequestStep" xmlns:xsi="http://www.w3.org/2001/XMLSchema-instance"><con:restRequest name="TS_Mo_006" id="4f93f56a-1700-48bf-b0cf-2c9dba617261" mediaType="application/json"><con:settings><con:setting id="com.eviware.soapui.impl.wsdl.WsdlRequest@request-headers">&lt;xml-fragment/></con:setting></con:settings><con:endpoint>https://one.nhtsa.gov</con:endpoint><con:request/><con:originalUri>https://one.nhtsa.gov/webapi/api/Recalls/vehicle/2017/XXXX/make/ACG</con:originalUri><con:assertion type="Simple NotContains" id="6ed242ce-bfc0-44f5-9fd9-98afe1c6b61c" name="Not Contains"><con:configuration><token>GUYS</token><ignoreCase>false</ignoreCase><useRegEx>false</useRegEx></con:configuration></con:assertion><con:credentials><con:authType>No Authorization</con:authType></con:credentials><con:jmsConfig JMSDeliveryMode="PERSISTENT"/><con:jmsPropertyConfig/><con:parameters><entry key="format" value="xml" xmlns="http://eviware.com/soapui/config"/></con:parameters><con:parameterOrder><con:entry>format</con:entry></con:parameterOrder></con:restRequest></con:config></con:testStep><con:testStep type="restrequest" name="getRecalls_007" id="8036904e-04bd-40ea-9c21-61a0570dbcaf"><con:settings/><con:config service="https://one.nhtsa.gov" resourcePath="/webapi/api/Recalls/vehicle/modelyear/2017/make/ACG/model/MOKE" methodName="Recalls" xsi:type="con:RestRequestStep" xmlns:xsi="http://www.w3.org/2001/XMLSchema-instance"><con:restRequest name="TS_RC_007" id="40fa36c0-d481-458d-a329-04bdf1e05e64" mediaType="application/json"><con:settings><con:setting id="com.eviware.soapui.impl.wsdl.WsdlRequest@request-headers">&lt;xml-fragment/></con:setting></con:settings><con:endpoint>https://one.nhtsa.gov</con:endpoint><con:request/><con:originalUri>https://one.nhtsa.gov/webapi/api/Recalls/vehicle/modelyear/2017/make/ACG/model/MOKE</con:originalUri><con:assertion type="Response SLA Assertion" id="797f1a14-f242-4502-b1cb-ef1abb7def88" name="Response SLA"><con:configuration><SLA>200</SLA></con:configuration></con:assertion><con:credentials><con:authType>No Authorization</con:authType></con:credentials><con:jmsConfig JMSDeliveryMode="PERSISTENT"/><con:jmsPropertyConfig/><con:parameters><entry key="format" value="xml" xmlns="http://eviware.com/soapui/config"/></con:parameters><con:parameterOrder><con:entry>format</con:entry></con:parameterOrder></con:restRequest></con:config></con:testStep><con:testStep type="restrequest" name="getRecalls_008" id="f5436682-26e6-4351-9906-b52a532efc97"><con:settings/><con:config service="https://one.nhtsa.gov" resourcePath="/webapi/api/Recalls/vehicle/modelyear/2017/make/ACG/model/MOKE" methodName="Recalls" xsi:type="con:RestRequestStep" xmlns:xsi="http://www.w3.org/2001/XMLSchema-instance"><con:restRequest name="TS_RC_008" id="40fa36c0-d481-458d-a329-04bdf1e05e64" mediaType="application/json"><con:settings><con:setting id="com.eviware.soapui.impl.wsdl.WsdlRequest@request-headers">&lt;xml-fragment/></con:setting></con:settings><con:endpoint>https://one.nhtsa.gov</con:endpoint><con:request/><con:originalUri>https://one.nhtsa.gov/webapi/api/Recalls/vehicle/modelyear/2017/make/ACG/model/MOKE</con:originalUri><con:assertion type="Invalid HTTP Status Codes" id="df07af21-0b4d-4b00-a14d-cb21693feb63" name="Invalid HTTP Status Codes"><con:configuration><codes/></con:configuration></con:assertion><con:credentials><con:authType>No Authorization</con:authType></con:credentials><con:jmsConfig JMSDeliveryMode="PERSISTENT"/><con:jmsPropertyConfig/><con:parameters><entry key="format" value="xml" xmlns="http://eviware.com/soapui/config"/></con:parameters><con:parameterOrder><con:entry>format</con:entry></con:parameterOrder></con:restRequest></con:config></con:testStep><con:properties/></con:testCase><con:testCase id="112b9228-67f4-4c29-8986-543f29b28e44" failOnError="true" failTestCaseOnErrors="true" keepSession="false" maxResults="0" name="AutomationGroovy" searchProperties="true"><con:settings/><con:testStep type="groovy" name="AutomationGroovy" id="eaeb42d2-0bf7-492b-b5fa-f93ebd20815c"><con:settings/><con:config><script>//Run all the test case from different Test case though Groovy scripts
RunAllTC=testRunner.testCase.testSuite.testCases["AutomationCase"]
AllTCStatus=RunAllTC.run(null,false)
log.info AllTCStatus.status
log.info"All Test case has run successfully"</script></con:config></con:testStep><con:properties/></con:testCase><con:properties/></con:testSuite><con:properties/><con:wssContainer/><con:oAuth2ProfileContainer/><con:oAuth1ProfileContainer/><con:sensitiveInformation/></con:soapui-project>